pc1234@gmail.com,aur bhai,Sun Dec 26 2021 02:22:43 GMT+0530 (India Standard Time),ravi12345@gmail.com
ravi12345@gmail.com,hello,Sun Dec 26 2021 02:22:47 GMT+0530 (India Standard Time),pc1234@gmail.com
ravi12345@gmail.com,arey ek dum makhan,Sun Dec 26 2021 02:22:56 GMT+0530 (India Standard Time),pc1234@gmail.com
pc1234@gmail.com,haa,Sun Dec 26 2021 02:23:04 GMT+0530 (India Standard Time),ravi12345@gmail.com
ravi12345@gmail.com,h,Sun Dec 26 2021 02:23:12 GMT+0530 (India Standard Time),pc1234@gmail.com
ravi12345@gmail.com,vdvd,Sun Dec 26 2021 02:23:18 GMT+0530 (India Standard Time),pc1234@gmail.com
pc1234@gmail.com,?,Sun Dec 26 2021 02:23:23 GMT+0530 (India Standard Time),ravi12345@gmail.com
ravi12345@gmail.com,.,Sun Dec 26 2021 02:25:30 GMT+0530 (India Standard Time),pc1234@gmail.com
pc1234@gmail.com,.,Sun Dec 26 2021 02:25:36 GMT+0530 (India Standard Time),ravi12345@gmail.com
pc1234@gmail.com,yaar ummmed,Sun Dec 26 2021 02:25:39 GMT+0530 (India Standard Time),ravi12345@gmail.com
ravi12345@gmail.com,ha?,Sun Dec 26 2021 02:25:43 GMT+0530 (India Standard Time),pc1234@gmail.com
pc1234@gmail.com,chal dekhna padega,Sun Dec 26 2021 02:25:52 GMT+0530 (India Standard Time),ravi12345@gmail.com
ravi12345@gmail.com,haan,Sun Dec 26 2021 02:26:01 GMT+0530 (India Standard Time),pc1234@gmail.com
ravi12345@gmail.com,ek min,Sun Dec 26 2021 02:26:08 GMT+0530 (India Standard Time),pc1234@gmail.com
pc1234@gmail.com,.,Sun Dec 26 2021 02:27:43 GMT+0530 (India Standard Time),ravi12345@gmail.com
pc1234@gmail.com,.,Sun Dec 26 2021 02:27:45 GMT+0530 (India Standard Time),ravi12345@gmail.com
ravi12345@gmail.com,.,Sun Dec 26 2021 02:27:51 GMT+0530 (India Standard Time),pc1234@gmail.com
ravi12345@gmail.com,hmm,Sun Dec 26 2021 02:27:54 GMT+0530 (India Standard Time),pc1234@gmail.com
ravi12345@gmail.com,?,Sun Dec 26 2021 02:28:26 GMT+0530 (India Standard Time),pc1234@gmail.com
pc1234@gmail.com,.,Sun Dec 26 2021 02:28:29 GMT+0530 (India Standard Time),ravi12345@gmail.com
pc1234@gmail.com,yaar,Sun Dec 26 2021 02:28:31 GMT+0530 (India Standard Time),ravi12345@gmail.com
pc1234@gmail.com,.,Sun Dec 26 2021 02:29:55 GMT+0530 (India Standard Time),ravi12345@gmail.com
ravi12345@gmail.com,h,Sun Dec 26 2021 02:29:58 GMT+0530 (India Standard Time),pc1234@gmail.com
pc1234@gmail.com,.,Sun Dec 26 2021 02:30:03 GMT+0530 (India Standard Time),ravi12345@gmail.com
ravi12345@gmail.com,?,Sun Dec 26 2021 02:30:14 GMT+0530 (India Standard Time),pc1234@gmail.com
ravi12345@gmail.com,?,Sun Dec 26 2021 02:31:57 GMT+0530 (India Standard Time),pc1234@gmail.com
pc1234@gmail.com,.,Sun Dec 26 2021 02:32:03 GMT+0530 (India Standard Time),ravi12345@gmail.com
pc1234@gmail.com,/,Sun Dec 26 2021 02:32:33 GMT+0530 (India Standard Time),ravi12345@gmail.com
pc1234@gmail.com,.,Sun Dec 26 2021 17:57:11 GMT+0530 (India Standard Time),ravi12345@gmail.com
pc1234@gmail.com,.,Sun Dec 26 2021 18:02:23 GMT+0530 (India Standard Time),ravi12345@gmail.com
pc1234@gmail.com,hello {a},Sun Dec 26 2021 18:02:34 GMT+0530 (India Standard Time),ravi12345@gmail.com
pc1234@gmail.com,a or b?,Sun Dec 26 2021 18:03:28 GMT+0530 (India Standard Time),ravi12345@gmail.com
pc1234@gmail.com,.,Sun Dec 26 2021 18:03:40 GMT+0530 (India Standard Time),ravi12345@gmail.com
pc1234@gmail.com,.,Sun Dec 26 2021 18:04:28 GMT+0530 (India Standard Time),ravi12345@gmail.com
pc1234@gmail.com,.,Sun Dec 26 2021 18:11:44 GMT+0530 (India Standard Time),ravi12345@gmail.com
pc1234@gmail.com,.,Sun Dec 26 2021 18:13:06 GMT+0530 (India Standard Time),ravi12345@gmail.com
pc1234@gmail.com,he,Sun Dec 26 2021 18:13:34 GMT+0530 (India Standard Time),ravi12345@gmail.com
pc1234@gmail.com,.,Sun Dec 26 2021 18:14:36 GMT+0530 (India Standard Time),ravi12345@gmail.com
pc1234@gmail.com,.,Sun Dec 26 2021 18:15:30 GMT+0530 (India Standard Time),ravi12345@gmail.com
pc1234@gmail.com,.?,Sun Dec 26 2021 18:20:33 GMT+0530 (India Standard Time),ravi12345@gmail.com
pc1234@gmail.com,.,Sun Dec 26 2021 18:22:14 GMT+0530 (India Standard Time),ravi12345@gmail.com
pc1234@gmail.com,.?,Sun Dec 26 2021 18:23:39 GMT+0530 (India Standard Time),ravi12345@gmail.com
pc1234@gmail.com,.,Sun Dec 26 2021 18:25:01 GMT+0530 (India Standard Time),ravi12345@gmail.com
pc1234@gmail.com,.,Sun Dec 26 2021 18:26:26 GMT+0530 (India Standard Time),ravi12345@gmail.com
pc1234@gmail.com,a?,Sun Dec 26 2021 18:26:33 GMT+0530 (India Standard Time),ravi12345@gmail.com
pc1234@gmail.com,.,Sun Dec 26 2021 18:40:31 GMT+0530 (India Standard Time),ravi12345@gmail.com
pc1234@gmail.com,.,Sun Dec 26 2021 18:41:19 GMT+0530 (India Standard Time),ravi12345@gmail.com
pc1234@gmail.com,.,Sun Dec 26 2021 18:41:33 GMT+0530 (India Standard Time),ravi12345@gmail.com
pc1234@gmail.com,.],Sun Dec 26 2021 18:42:51 GMT+0530 (India Standard Time),ravi12345@gmail.com
pc1234@gmail.com,.,Sun Dec 26 2021 18:44:26 GMT+0530 (India Standard Time),ravi12345@gmail.com
pc1234@gmail.com,.,Sun Dec 26 2021 18:56:34 GMT+0530 (India Standard Time),ravi12345@gmail.com
pc1234@gmail.com,.,Sun Dec 26 2021 18:57:42 GMT+0530 (India Standard Time),ravi12345@gmail.com
